{
  "criteria": {
    "welcome": {
      "conditions": {
        "player": [
          {
            "condition": "minecraft:entity_properties",
            "entity": "this",
            "predicate": {
              "location": {}
            }
          }
        ]
      },
      "trigger": "minecraft:location"
    }
  },
  "display": {
    "show_toast": false,
    "announce_to_chat": false,
    "hidden": false,
    "background": "minecraft:textures/gui/advancements/backgrounds/end.png",
    "description": {
      "translate": "advancements.betterend.root.description"
    },
    "icon": {
      "count": 1,
      "id": "betterend:end_mycelium"
    },
    "title": {
      "translate": "advancements.betterend.root.title"
    }
  },
  "requirements": [
    [
      "welcome"
    ]
  ]
}